Strandbags Group Pty Ltd,OID,Advertiser ID,Job Posting,Application Export,Proactive Sourcing,Link Out,Set up in DF?
Whitehaven Coal Limited,seekAnz:organization:seek:13vSoFao,31791360,false,true,false,true,
Homestyle Aged Care,seekAnz:organization:seek:235iHK9if,32679544,false,true,false,true,
Multi-Color (Brisbane & Sydney),seekAnz:organization:seek:27ZakoZP5,22193793,false,true,false,false,
OneSchool Global NZ,seekAnz:organization:seek:28kFBLLyD,32114308,false,true,false,true,
Perri Cutten â€“ The Austin Group,seekAnz:organization:seek:29mTstoUK,47059846,false,true,false,true,
James Pascoe Group,seekAnz:organization:seek:2anSUYJHM,27087032,false,true,false,true,TRUE
Titan Taxi Trucks,seekAnz:organization:seek:2fJKnsVgT,400056769,false,true,false,true,
MCC Australia and New Zealand,seekAnz:organization:seek:2FsGCESDm,62411666,false,true,false,false,
Advance Transport SA,seekAnz:organization:seek:2GAyGNtXH,61730962,false,true,false,false,
Advance Transport NSW,seekAnz:organization:seek:2HbLQiMJX,45664917,false,true,false,false,
Capital Transport VIC,seekAnz:organization:seek:2k1zb3xb,23035651,false,true,false,false,
MCC Adelaide Pty Ltd,seekAnz:organization:seek:2KopKY4yD,25509274,false,true,false,false,
GAZMAN,seekAnz:organization:seek:2KU2kgKi7,36081305,false,true,false,true,
Comet Transport SA,seekAnz:organization:seek:2n4Ms9imd,61732046,false,true,false,false,
Capital Transport SA,seekAnz:organization:seek:2Nn6ysJVM,26817696,false,true,false,false,
Advance Transport VIC,seekAnz:organization:seek:2pm66LqiF,400056788,false,true,false,false,
Advance Transport WA,seekAnz:organization:seek:2REHCnuHR,46735525,false,true,false,false,
Allied Pinnacle Pty Limited,seekAnz:organization:seek:2RsuvHBu1,22638246,false,true,false,true,
Capital Transport WA,seekAnz:organization:seek:2s99NJU6T,25438681,false,true,false,false,
Kings Transport QLD,seekAnz:organization:seek:2Tfho1e2s,55445162,false,true,false,true,
Keyton,seekAnz:organization:seek:2tnwwuMUK,61635292,true,true,false,true,
Comet Transport VIC,seekAnz:organization:seek:2tuHYVzmu,400143068,false,true,false,false,
Austin Group,seekAnz:organization:seek:2Tyc4WLHV,49915050,false,true,false,true,
Capital Transport NSW,seekAnz:organization:seek:2uCPVW5H9,24136413,false,true,false,false,
Capital Group National,seekAnz:organization:seek:2wxtyrbR1,35510754,false,true,false,false,
MCC Perth Pty Ltd,seekAnz:organization:seek:2Ymoa56nj,13452980,false,true,false,false,
Titan Couriers,seekAnz:organization:seek:31DcjyAoH,400056809,false,true,false,true,
BLAZER - The Austin Group,seekAnz:organization:seek:32qoBDwCj,43885804,false,true,false,true,
Tes,seekAnz:organization:seek:371XrwXaF,21038069,false,true,false,true,
Comet Transport WA,seekAnz:organization:seek:37R2M3qEX,41473013,false,true,false,true,
Kings Transport VIC,seekAnz:organization:seek:39i7jEKDR,36007930,false,true,false,true,
Windgap Foundation Limited,seekAnz:organization:seek:8QeidRTm,20701198,false,true,false,true,TRUE
CABLE - The Austin Group,seekAnz:organization:seek:cDJrAp4X,35501638,false,true,false,true,TRUE
Kiwi Labels Ltd,seekAnz:organization:seek:cvWiDRQT,55911240,false,true,false,false,TRUE
United Workers Union,seekAnz:organization:seek:cyFt1yjm,44579656,false,true,false,false,
Perri Cutten and Cable Melbourne,seekAnz:organization:seek:eevFWK1q,55156043,false,true,false,true,
mycar Test,seekAnz:organization:seek:fYXcSEMD,62613069,false,true,false,false,TRUE
Multi-Color Griffith,seekAnz:organization:seek:gqx9CjP5,37684048,false,true,false,false,
Prouds Jewellers,seekAnz:organization:seek:h4QNWXNF,27160912,false,true,false,true,
Levande,seekAnz:organization:seek:h5sBc7NF,60063312,false,true,false,true,
MCC Christchurch,seekAnz:organization:seek:ipMjTuFM,21821779,false,true,false,false,
GAZMAN - The Austin Group,seekAnz:organization:seek:iXtSJgG7,21981011,false,true,false,true,
Comet Transport NSW,seekAnz:organization:seek:KPLo8wh1,60091172,false,true,false,false,
MCC Verstraete Australia,seekAnz:organization:seek:MonENMsd,22923305,false,true,false,false,
MCC Melbourne Pty Ltd,seekAnz:organization:seek:mXXfyr4F,23423577,false,true,false,false,
Advance Transport QLD,seekAnz:organization:seek:NCy78FUs,400790826,false,true,false,false,
Kings Transport NSW,seekAnz:organization:seek:nq9xjfAX,62195804,false,true,false,true,
Strandbags Group Pty Ltd,seekAnz:organization:seek:pBz45nKh,6996830,true,false,false,true,
Capital Transport QLD,seekAnz:organization:seek:pNnNthvw,18948959,false,true,false,false,TRUE
Kings Transport SA,seekAnz:organization:seek:rpDMMbPV,62195812,false,true,false,true,
Capital Logistics,seekAnz:organization:seek:rznHJLNB,39872100,false,true,false,false,
Comet Transport QLD,seekAnz:organization:seek:SC2VkBhq,400790834,false,true,false,false,
MCC Auckland,seekAnz:organization:seek:t2FjGyWP,25523558,false,true,false,false,
Angus And Coote,seekAnz:organization:seek:U7TrVje7,27160886,false,true,false,true,
Kings Transport WA,seekAnz:organization:seek:uJdDk42b,62195817,false,true,false,false,TRUE
Goldmark,seekAnz:organization:seek:Z6HbGevK,27160896,false,true,false,true,
